{"cameraMode":{"drawMode":0,"name":"Shaded","section":"Shading Mode"},"sceneLighting":true,"audioPlay":false,"sceneViewState":{"showFog":true,"showMaterialUpdate":false,"showSkybox":true,"showFlares":true,"showImageEffects":true,"showParticleSystems":true},"in2DMode":false,"pivot":{"x":-17.03994369506836,"y":-205.80047607421876,"z":-290.91851806640627},"rotation":{"x":-0.4042423963546753,"y":0.2872050404548645,"z":-0.13534888625144959,"w":-0.8577774167060852},"size":399.8948059082031,"orthographic":true}