{"cameraMode":{"drawMode":0,"name":"Shaded","section":"Shading Mode"},"sceneLighting":true,"audioPlay":false,"sceneViewState":{"showFog":true,"showMaterialUpdate":false,"showSkybox":true,"showFlares":true,"showImageEffects":true,"showParticleSystems":true},"in2DMode":false,"pivot":{"x":320.1802978515625,"y":245.24630737304688,"z":85.22428894042969},"rotation":{"x":-0.4591473639011383,"y":-0.08452428877353668,"z":0.04394109174609184,"w":-0.8832376003265381},"size":506.1274719238281,"orthographic":true}