{"cameraMode":{"drawMode":0,"name":"Shaded","section":"Shading Mode"},"sceneLighting":true,"audioPlay":false,"sceneViewState":{"showFog":true,"showMaterialUpdate":false,"showSkybox":true,"showFlares":true,"showImageEffects":true,"showParticleSystems":true},"in2DMode":false,"pivot":{"x":201.5987548828125,"y":-1.3117799758911133,"z":188.19810485839845},"rotation":{"x":-0.4042423963546753,"y":0.2872050404548645,"z":-0.13534888625144959,"w":-0.8577774167060852},"size":418.7380065917969,"orthographic":true}