{"cameraMode":{"drawMode":0,"name":"Shaded","section":"Shading Mode"},"sceneLighting":false,"audioPlay":false,"sceneViewState":{"showFog":true,"showMaterialUpdate":false,"showSkybox":true,"showFlares":true,"showImageEffects":true,"showParticleSystems":true},"in2DMode":false,"pivot":{"x":1190.71337890625,"y":204.00665283203126,"z":333.0091247558594},"rotation":{"x":0.5346270203590393,"y":0.14613699913024903,"z":-0.09447582811117172,"w":0.8269777894020081},"size":1782.6622314453125,"orthographic":false}