{"cameraMode":{"drawMode":0,"name":"Shaded","section":"Shading Mode"},"sceneLighting":false,"audioPlay":false,"sceneViewState":{"showFog":true,"showMaterialUpdate":false,"showSkybox":true,"showFlares":true,"showImageEffects":true,"showParticleSystems":true},"in2DMode":false,"pivot":{"x":339.5513916015625,"y":66.89668273925781,"z":197.50222778320313},"rotation":{"x":0.5530226826667786,"y":0.16315121948719026,"z":-0.11147463321685791,"w":0.8093954920768738},"size":176.20172119140626,"orthographic":false}